Title,Authors,URL,DOI,Published Date,Summary,Task And Evaluation,Problem And Target,Inference Inputs And Score Use,Training Supervision And Loss,Ranking And Interactions,Misalignment And Features,Perturbation Ensemble Compute,Ground Truth And Limitations
Spatially-Aware Reliability Modeling for BEV LiDAR 3D Vehicle Detection,"Nanzhou Hu, Zhe Zhang, Dayong Wu, B. Dadashova, Fikriyah Winata, A. Filippi",https://doi.org/10.3390/s26134229,10.3390/s26134229,2026,"Bird’s-eye-view (BEV) LiDAR detectors provide an efficient representation for real-time 3D perception, but their confidence scores may be imperfectly aligned with the localization quality of decoded 3D boxes. This score–localization mismatch can reduce the reliability of detection ranking, especially under strict IoU criteria and range-dependent LiDAR observations. To address this issue, we propose Spatially-Aware Quality Calibration (SAQC), a lightweight reliability-oriented scoring framework for BEV LiDAR 3D vehicle detection. SAQC estimates localization quality from coordinate-augmented local BEV feature patches around detected object centers, fuses the estimated quality with the raw detector score for quality-aware ranking, and applies post hoc sigmoid calibration with soft IoU targets for numerical quality alignment. Experiments on the KITTI Car validation split using an SFA3D-style center-based detector show that SAQC improves Moderate 3D AP from 89.13 to 89.57 at IoU = 0.7 and from 74.40 to 75.72 at IoU = 0.8. It also increases score–IoU Spearman correlation from 0.3685 to 0.4043 and reduces post-calibration Q-ECE from 0.0284 to 0.0183, while maintaining 103.6 FPS. These results indicate that local BEV spatial context can improve score–localization reliability without modifying decoded box geometry.",3D BEV LiDAR 车辆检测；KITTI Car 验证集、SFA3D 风格中心检测器。是否为协同感知：未报告。,解决定位质量失配，特别是不同距离及严格 IoU 条件下的失配；预测定位质量和校准后的质量分数。,解码目标中心附近、加入坐标信息的局部 BEV 特征块；将估计质量与原始检测分数融合，再用 sigmoid 后处理校准。,报告了用于后处理校准的软 IoU 目标；质量估计器训练损失未报告。,预测数值型质量并用于质量感知排序；是否建模候选之间交互未报告。,明确处理置信度与定位质量失配；使用局部 BEV 空间特征。是否使用分类/回归分支内部特征未报告。,扰动和模型集成未报告；报告 103.6 FPS，但是否需要额外检测器前向计算未报告。,软 IoU 目标意味着校准/训练阶段使用带标签质量目标；推理时是否需要 GT 未报告。报告了 KITTI 验证集结果，跨数据集迁移局限未报告。
LMD: Light-Weight Prediction Quality Estimation for Object Detection in Lidar Point Clouds,"T. Riedlinger, Marius Schubert, Sarina Penquitt, Jan-Marcel Kezmann, P. Colling, K. Kahl, L. Roese-Koerner, Michael Arnold, Urs Zimmermann, M. Rottmann",https://link.springer.com/content/pdf/10.1007/s11263-025-02377-8.pdf,10.1007/s11263-025-02377-8,2023,"Object detection on Lidar point cloud data is a promising technology for autonomous driving and robotics which has seen a significant rise in performance and accuracy during recent years. Particularly uncertainty estimation is a crucial component for down-stream tasks and deep neural networks remain error-prone even for predictions with high confidence. Previously proposed methods for quantifying prediction uncertainty tend to alter the training scheme of the detector or rely on prediction sampling which results in vastly increased inference time. In order to address these two issues, we propose LidarMetaDetect (LMD), a light-weight post-processing scheme for prediction quality estimation. Our method can easily be added to any pre-trained Lidar object detector without altering anything about the base model and is purely based on post-processing, therefore, only leading to a negligible computational overhead. Our experiments show a significant increase of statistical reliability in separating true from false predictions. We show that this improvement carries over to object detection performance when replacing the objectness score native to the object detector. We propose and evaluate an additional application of our method leading to the detection of annotation errors. Explicit samples and a conservative count of annotation error proposals indicates the viability of our method for large-scale datasets like KITTI and nuScenes. On the widely-used nuScenes test dataset, 43 out of the top 100 proposals of our method indicate, in fact, erroneous annotations.",LiDAR 点云目标检测，提及 KITTI 和 nuScenes；属于 3D。协同感知未报告。,针对高置信度错误预测及既有不确定性方法的计算负担；估计预测质量/可靠性，摘要未报告其精确定义。,对预训练检测器的预测进行后处理，并替换原生 objectness 分数；具体输入特征未报告。,未报告。,质量分数用于区分真/假预测；预测绝对 IoU 还是仅学习排序未报告。候选间交互未报告。,广义处理预测置信度可靠性；分类—定位失配及内部特征未报告。,旨在避免预测采样，并称计算开销可忽略；是否使用扰动或集成未报告。,训练和推理阶段的 GT 使用情况未报告；主要局限未报告。
Demystifying IoU score prediction in 3D LIDAR-based object detectors,"Simon Berthoumieux, Emanuel Aldea",https://hal.science/hal-05522540,10.1109/AVSS65446.2025.11149884,2025,"In this paper, we aim to identify how various architectural choices in two-stage one-to-many unimodal LIDAR 3D detectors influence the calibration of their IoU score (S<inf xmlns:mml=""http://www.w3.org/1998/Math/MathML"" xmlns:xlink=""http://www.w3.org/1999/xlink"">IoU</inf>) prediction branch. We select a relevant family of freely available networks, and extensively test their output scores w.r.t. S<inf xmlns:mml=""http://www.w3.org/1998/Math/MathML"" xmlns:xlink=""http://www.w3.org/1999/xlink"">IoU</inf> regression, and score-based ordering of predicted bounding box (BBox). We observe that the interpretation of predicted localization score (Ŝ<inf xmlns:mml=""http://www.w3.org/1998/Math/MathML"" xmlns:xlink=""http://www.w3.org/1999/xlink"">IoU</inf>) as a confidence score is poorly justified, that geometric features seem to be of importance when it comes to accurately predicting S<inf xmlns:mml=""http://www.w3.org/1998/Math/MathML"" xmlns:xlink=""http://www.w3.org/1999/xlink"">IoU</inf>, and that accurate ranking over the whole score range seems to be favored by the use of a more balanced, in terms of target metric values, distribution of BBoxes in training the score.",两阶段、one-to-many、单模态 LiDAR 3D 检测器；评估预测 IoU 回归和基于分数的框排序。可用摘要未报告数据集。,研究架构选择对 IoU 预测分支校准的影响；目标为预测 IoU/定位分数。,评估预测定位分数及边界框；具体推理特征输入及分数融合规则未报告。,讨论 IoU 回归分支和训练框目标分布；具体损失未报告。,评估基于分数的排序，不是新提出的显式成对/列表排序器；候选间交互未报告。,与置信度—质量对齐相关；报告几何特征对 IoU 估计很重要。是否显式优化分类—定位一致性未报告。,未报告。,IoU 回归需要训练质量目标；推理时 GT 使用情况未报告。摘要指出，将预测 IoU 直接解释为置信度依据不足；其他局限未报告。
Being aware of localization accuracy by generating predicted-IoU-guided quality scores,"Peng Liu, Changguang Song, Yuhan Guo, Guixin Tang, Weibo Wang, Jiubin Tan",https://www.semanticscholar.org/paper/3578aeae7517728a1c60f40e5592d3597aed28fd,10.1016/j.neucom.2024.127504,2024,"Localization quality estimation (LQE) methods benefit the post-process by additionally considering the prediction box's localization accuracy. In this paper, we propose a more compatible detector called Classification-Localization-Quality (CLQ), which is not only applicable to general-distribution-based detection heads but also to delta-distribution-based heads. In this method, A lightweight and learnable LQE branch is designed to generate more accurate LQE scores. We also use an exponential factor and a weighted loss function respectively to optimize its effect and improve its training efficiency. To enhance task interaction during both the training and test phases, we merged this branch with the classification branch and trained them jointly. Experiment results show that CLQ achieves state-of-the-art performance at an accuracy of 47.8 AP and a speed of 11.5 fps with ResNeXt-101 as the backbone on COCO test-dev. We also extend our method to the ATSS baseline to evaluate the scalability. Codes are released at (https://github.com/PanffeeReal/CLQ).",2D 目标检测；提及 COCO test-dev 和 ATSS 基线。可用摘要未明确模态；协同感知未报告。,改进定位质量估计（LQE）；预测 LQE 分数，似乎与预测 IoU 有关，但精确目标未报告。,可学习 LQE 分支与分类分支合并；最终检测分数的确切修改公式未报告。,报告指数因子和加权损失；具体监督目标与损失公式未报告。,质量分数用于后处理；显式排序目标及候选间交互未报告。,通过联合训练增强分类与 LQE 的任务交互；是否显式提出分类—定位失配及内部特征细节未报告。,未报告。,未明确说明训练与推理阶段 GT 使用情况；主要局限未报告。
Rank-DETR for High Quality Object Detection,"Yifan Pu, Weicong Liang, Yiduo Hao, Yuhui Yuan, Yukang Yang, Chao Zhang, Hanhua Hu, Gao Huang",https://arxiv.org/pdf/2310.08854,10.48550/arXiv.2310.08854,2023,"Modern detection transformers (DETRs) use a set of object queries to predict a list of bounding boxes, sort them by their classification confidence scores, and select the top-ranked predictions as the final detection results for the given input image. A highly performant object detector requires accurate ranking for the bounding box predictions. For DETR-based detectors, the top-ranked bounding boxes suffer from less accurate localization quality due to the misalignment between classification scores and localization accuracy, thus impeding the construction of high-quality detectors. In this work, we introduce a simple and highly performant DETR-based object detector by proposing a series of rank-oriented designs, combinedly called Rank-DETR. Our key contributions include: (i) a rank-oriented architecture design that can prompt positive predictions and suppress the negative ones to ensure lower false positive rates, as well as (ii) a rank-oriented loss function and matching cost design that prioritizes predictions of more accurate localization accuracy during ranking to boost the AP under high IoU thresholds. We apply our method to improve the recent SOTA methods (e.g., H-DETR and DINO-DETR) and report strong COCO object detection results when using different backbones such as ResNet-$50$, Swin-T, and Swin-L, demonstrating the effectiveness of our approach. Code is available at \url{https://github.com/LeapLabTHU/Rank-DETR}.",DETR 系列 2D COCO 检测，提及 H-DETR/DINO-DETR；按任务为图像/相机检测。协同感知未报告。,DETR 中排名靠前的框定位较差，原因是分类分数与定位精度不匹配；目标是提升排序中的定位质量优先级。,面向排序的查询/预测及分类分数；推理时的精确打分公式未报告。,采用面向排序的损失和匹配代价，训练时优先考虑定位更准确的预测；摘要未给出精确公式。,排序是核心；架构促进正样本预测并压制负样本。具体成对/列表候选交互未报告。,明确处理分类—定位失配；分类/回归内部特征使用情况未报告。,未报告。,训练时使用定位监督可由其匹配/定位排序目标推知；推理时是否使用 GT 未报告。主要局限未报告。
YOLO-AlignRank: Cross-Scale Deformable Head and Rank-Consistent Loss for One-Stage Object Detection,"Run Li, Fang Liu",https://drpress.org/ojs/index.php/fcis/article/download/31597/30940,10.54097/n0j5k987,2025," Single-stage object detectors dominate industrial deployment thanks to end-to-end simplicity and low latency, yet a persistent bottleneck is the misalignment between classification confidence and localization quality. Because candidate ordering before and after NMS is largely driven by classification scores, high-IoU predictions are often suppressed while poorly localized but high-score boxes survive. Prior quality-aware classification methods partly mitigate this issue, but stop short of a systematic solution that spans cross-scale representation and ranking consistency. Meanwhile, the YOLO family has advanced with decoupled heads, dynamic label assignment, and even NMS-free training, creating an opportunity to unify head structure, quality learning, and ranking constraints. We propose YOLO-AlignRank, which integrates two complementary innovations. First, the CSD-Head (Cross-Scale Sparse Deformable Head) augments a YOLO decoupled head with cross-scale sparse deformable sampling and a Bidirectional Cross-Scale Dynamic Fusion (BCDM) module. A small set of learnable offsets samples key points from adjacent pyramid levels, inheriting the spatial adaptivity of DCNv2 and the sparse-attention spirit of Deformable DETR while preserving convolutional efficiency. BCDM then performs gated top-down and bottom-up feature fusion via lightweight dynamic convolution, achieving real-time multi-scale integration akin to PAN/BiFPN. Second, the RCQ-Loss (Rank-Consistent Quality Loss) extends quality-aware classification with intra-set list alignment and pairwise ranking regularization. For each ground-truth object g with candidate set Sg, RCQ-Loss aligns the distribution of classification scores with normalized localization qualities (proportional to IoU) within Sg and enforces matching order. Concretely, a soft distribution-alignment term (softmax cross-entropy over Sg) and a pairwise hinge term ensure that high-IoU candidates receive higher scores than low-IoU ones, enforcing consistency in both score distribution and sorted order. Together, these components align confidence with IoU across scales and candidate sets, reduce pre- and post-NMS mis-ranking, and improve multi-scale detection accuracy while retaining YOLO-level real-time efficiency and end-to-end simplicity in practical deployments.",单阶段 YOLO 目标检测；可用摘要未报告数据集和传感器模态；协同感知未报告。,分类置信度与定位质量失配导致 NMS 前后候选排序错误；训练分数对齐与 IoU 成比例的定位质量。,使用跨尺度可变形检测头；最终分数修改公式未说明，但训练目标使分类分数与质量对齐。,RCQ 损失结合候选集合内的 softmax 交叉熵分布对齐和成对 hinge 排序。,同时采用列表/分布对齐与成对排序；明确在每个 GT 对应的候选集合内建模交互；除排序外的 NMS 交互未报告。,明确处理分类—定位失配；采用跨尺度表征/检测头；是否直接使用分类器/回归器内部特征未报告。,未报告扰动或集成；声称具有实时效率，但额外前向次数未报告。,IoU 比例质量监督意味着训练时使用带标注框；推理时 GT 使用情况未报告。主要局限未报告。
Learning to Rank Proposals for Object Detection,"Zhiyu Tan, Xuecheng Nie, Qi Qian, Nan Li, Hao Li",https://www.semanticscholar.org/paper/58093dd2ad7d2f4e3dcc8e10e5113ed3a329001b,10.1109/ICCV.2019.00836,2019,"Non-Maximum Suppression (NMS) is an essential step of modern object detection models for removing duplicated candidates. The efficacy of NMS heavily affects the final detection results. Prior works exploit suppression criterions relying on either the objectiveness derived from classification or the overlapness produced by regression, both of which are heuristically designed and fail to explicitly link with the suppression rank. To address this issue, in this paper, we propose a novel Learning-to-Rank (LTR) model to produce the suppression rank via a learning procedure, thus facilitating the candidate generation and lifting the detection performance. In particular, we define a ranking score based on IoU to indicate the ranks of candidates during the NMS step, where candidates with high ranking score will be reserved and the ones with low ranking score will be eliminated. We design a lightweight network to predict the ranking score. We introduce a ranking loss to supervise the generation of these ranking scores, which encourages candidates with IoU to the ground-truth to rank higher. To facilitate the training procedure, we design a novel sampling strategy via dividing candidates into different levels and select hard pairs to adopt in the training. During the inference phase, this module can be exploited as a plugin to the current object detector. The training and inference of the overall framework is end-to-end. Comprehensive experiments on benchmarks PASCAL VOC and MS COCO demonstrate the generality and effectiveness of our model for facilitating existing object detectors to state-of-the-art accuracy.",2D 目标检测；PASCAL VOC 和 COCO。协同感知未报告。,改进启发式 NMS 排序；预测基于 IoU 的抑制/排序分数，以保留排名较高的候选。,轻量级排序网络作为插件接入检测器，在推理时控制候选经 NMS 后的保留；具体输入未报告。,使用 IoU 候选排序监督和排序损失；按候选等级划分并选择难样本对训练。,面向 NMS 的候选排序；明确使用难样本对。候选竞争是方法核心。,方法针对分类 objectness 或回归 overlap 等启发式判据；是否明确以分类—定位失配命名及内部特征使用未报告。,未报告。,训练时使用候选与 GT 的 IoU 监督；推理时 GT 使用情况未报告。主要局限未报告。
Acquisition of Localization Confidence for Accurate Object Detection,"Borui Jiang, Ruixuan Luo, Jiayuan Mao, Tete Xiao, Yuning Jiang",https://www.semanticscholar.org/paper/7f75d4b462bd883f290461cdd8984f8cee6013ea,10.1007/978-3-030-01264-9_48,2018,"Modern CNN-based object detectors rely on bounding box regression and non-maximum suppression to localize objects. While the probabilities for class labels naturally reflect classification confidence, localization confidence is absent. This makes properly localized bounding boxes degenerate during iterative regression or even suppressed during NMS. In the paper we propose IoU-Net learning to predict the IoU between each detected bounding box and the matched ground-truth. The network acquires this confidence of localization, which improves the NMS procedure by preserving accurately localized bounding boxes. Furthermore, an optimization-based bounding box refinement method is proposed, where the predicted IoU is formulated as the objective. Extensive experiments on the MS-COCO dataset show the effectiveness of IoU-Net, as well as its compatibility with and adaptivity to several state-of-the-art object detectors.",2D 目标检测，MS COCO。协同感知未报告。,分类置信度不能代表定位置信度；预测每个检测框与匹配 GT 框之间的 IoU。,预测 IoU 用于引导 NMS、保留定位准确的框；也作为框细化的优化目标。具体特征输入未报告。,隐含使用 GT IoU 作为目标；具体损失未报告。,绝对 IoU 估计用于 NMS 候选竞争；是否采用显式成对/列表排序目标未报告。,明确指出检测器缺少定位置信度；分类/回归内部特征使用情况未报告。,未报告。,按所述 IoU 目标，训练需要 GT；推理时 GT 使用情况未报告。主要局限未报告。
Rank & Sort Loss for Object Detection and Instance Segmentation,"Kemal Oksuz, Baris Can Cam, Emre Akbas, Sinan Kalkan",https://hdl.handle.net/11511/95974,10.1109/ICCV48922.2021.00300,2021,"We propose Rank & Sort (RS) Loss, a ranking-based loss function to train deep object detection and instance segmentation methods (i.e. visual detectors). RS Loss supervises the classifier, a sub-network of these methods, to rank each positive above all negatives as well as to sort positives among themselves with respect to (wrt.) their localisation qualities (e.g. Intersection-over-Union - IoU). To tackle the non-differentiable nature of ranking and sorting, we reformulate the incorporation of error-driven update with back-propagation as Identity Update, which enables us to model our novel sorting error among positives. With RS Loss, we significantly simplify training: (i) Thanks to our sorting objective, the positives are prioritized by the classifier without an additional auxiliary head (e.g. for centerness, IoU, mask-IoU), (ii) due to its ranking-based nature, RS Loss is robust to class imbalance, and thus, no sampling heuristic is required, and (iii) we address the multi-task nature of visual detectors using tuning-free task-balancing coefficients. Using RS Loss, we train seven diverse visual detectors only by tuning the learning rate, and show that it consistently outperforms baselines: e.g. our RS Loss improves (i) Faster R-CNN by ∼ 3 box AP and aLRP Loss (ranking-based baseline) by ∼ 2 box AP on COCO dataset, (ii) Mask R-CNN with repeat factor sampling (RFS) by 3.5 mask AP (∼ 7 AP for rare classes) on LVIS dataset; and also outperforms all counterparts. Code is available at: https://github.com/kemaloksuz/RankSortLoss.",2D 目标检测与实例分割；COCO 和 LVIS。协同感知未报告。,改善检测分类器的候选排序，包括按 IoU 等定位质量对正样本排序。,训练分类分数反映正负样本关系及正样本定位质量次序；具体后处理规则未报告。,Rank & Sort 损失利用排序/分类错误，并按正样本定位质量（如 IoU）排序；摘要提及 identity update 形式。,明确排序正负样本及正样本内部顺序；摘要未说明是否以显式成对计算实现。,通过分类器实现质量感知排序；是否显式称为分类—定位失配、内部特征使用情况未报告。,不需要额外质量预测头；是否需要额外检测器前向计算未报告。,训练时需要定位质量标签；推理时 GT 使用情况未报告。主要局限未报告。
Weather-Aware Collaborative Perception With Uncertainty Reduction,"Ping Jiang, Xiaoheng Deng, Weishang Wu, Lixin Lin, Xuechen Chen, Chen Chen, Shaohua Wan",https://www.semanticscholar.org/paper/27cf8c092d74c341c77182fb8e4f0045a25ac38f,10.1109/TITS.2024.3479720,2024,"Although collaborative 3D perception has successfully improved detection performance by sharing LIDAR information among multiple agents, its impact under adverse weather is under poor investigation. It is non-trivial to reduce the noise effect in the multi-agent system, as each agent may generate defective feature representations with aleatoric uncertainty, and such uncertainty will be further amplified in the collaborative stage due to deterministic collaboration models. To mitigate the negative effects of weather noise on the collaborative framework, we proposed a method called Co-Denoising, which incorporates a two-stage denoising approach within the intermediate collaborative framework. In our method, a sampling-based noise filtering is first performed at each agent to make a coarse denoising. Then, during the collaboration stage, the global feature representations are expanded through Bayesian neural networks to improve the robustness against environmental noise. The extensive experiments on sunny and rainy datasets have indicated the proposed collaborative perception method can significantly reduce performance degradation under adverse weather.",晴天和雨天条件下的协同 3D LiDAR 感知；可用摘要未报告数据集。,多智能体特征中的噪声和偶然不确定性在协同过程中被放大；目标是降低特征不确定性，并未明确预测候选 IoU/可靠性。,每个智能体进行基于采样的噪声过滤；协同阶段使用贝叶斯神经网络扩展全局特征；未报告检测分数修改。,未报告。,未报告候选排序或 NMS 竞争。,处理特征不确定性；分类—定位失配未报告。,协同阶段使用贝叶斯神经网络；未报告扰动测试或多检测器分歧。是否需要额外检测器前向计算未报告。,GT 使用情况未报告；主要局限未报告。